CustomerID,Churn,Tenure,PreferredLoginDevice,CityTier,WarehouseToHome,PreferredPaymentMode,Gender,HourSpendOnApp,NumberOfDeviceRegistered,PreferedOrderCat,SatisfactionScore,MaritalStatus,NumberOfAddress,Complain,OrderAmountHikeFromlastYear,CouponUsed,OrderCount,DaySinceLastOrder,CashbackAmount,batch_id,ingestion_date
50201,0,4.0,Computer,1,13.0,Debit Card,Female,2.0,4,Fashion,3,Divorced,2,0,24.0,3.0,8.0,9.0,189,1,2026-03-12
50202,0,12.0,Computer,1,5.0,Credit Card,Male,2.0,4,Others,2,Divorced,2,0,,9.0,13.0,3.0,293,1,2026-03-12
50203,1,2.0,Mobile Phone,3,9.0,Credit Card,Female,2.0,3,Laptop & Accessory,3,Divorced,5,1,18.0,1.0,1.0,0.0,152,1,2026-03-12
50204,0,6.0,Computer,3,16.0,E wallet,Male,2.0,4,Laptop & Accessory,2,Single,4,0,14.0,1.0,1.0,1.0,147,1,2026-03-12
50205,0,20.0,Mobile Phone,1,11.0,Debit Card,Male,2.0,3,Others,3,Divorced,5,0,11.0,,1.0,1.0,283,1,2026-03-12
50206,0,16.0,Computer,1,16.0,Debit Card,Female,2.0,4,Laptop & Accessory,3,Married,2,0,11.0,0.0,1.0,0.0,153,1,2026-03-12
50207,0,0.0,Computer,3,6.0,E wallet,Male,3.0,3,Laptop & Accessory,4,Divorced,1,1,13.0,0.0,1.0,4.0,163,1,2026-03-12
50208,0,27.0,Computer,1,26.0,Debit Card,Female,2.0,3,Laptop & Accessory,3,Single,4,0,12.0,1.0,1.0,3.0,149,1,2026-03-12
50209,0,16.0,Mobile Phone,1,13.0,Debit Card,Female,2.0,3,Fashion,5,Divorced,9,0,16.0,1.0,1.0,0.0,200,1,2026-03-12
50210,0,18.0,Phone,1,14.0,UPI,Male,3.0,3,Laptop & Accessory,2,Divorced,10,0,14.0,7.0,9.0,8.0,137,1,2026-03-12
50211,0,13.0,Mobile Phone,3,6.0,Credit Card,Male,2.0,5,Laptop & Accessory,2,Divorced,3,1,22.0,1.0,1.0,2.0,175,1,2026-03-12
50212,1,,Phone,1,14.0,UPI,Male,3.0,5,Mobile,5,Divorced,2,1,11.0,1.0,1.0,7.0,121,1,2026-03-12
50213,0,2.0,Phone,1,15.0,UPI,Male,1.0,4,Mobile Phone,2,Single,1,0,17.0,2.0,2.0,2.0,140,1,2026-03-12
50214,0,3.0,Mobile Phone,3,11.0,E wallet,Female,1.0,4,Laptop & Accessory,3,Married,2,0,13.0,0.0,1.0,2.0,161,1,2026-03-12
50215,0,0.0,Mobile Phone,3,14.0,E wallet,Female,2.0,3,Laptop & Accessory,4,Divorced,2,0,18.0,0.0,1.0,7.0,162,1,2026-03-12
50216,0,10.0,Mobile Phone,1,11.0,Credit Card,Male,3.0,3,Laptop & Accessory,2,Married,8,0,16.0,0.0,1.0,4.0,163,1,2026-03-12
50217,0,11.0,Mobile Phone,1,21.0,Debit Card,Male,3.0,4,Fashion,2,Married,1,1,14.0,1.0,2.0,,215,1,2026-03-12
50218,0,4.0,Mobile Phone,1,13.0,Credit Card,Female,2.0,3,Fashion,2,Single,2,1,14.0,2.0,4.0,10.0,171,1,2026-03-12
50219,0,2.0,Mobile Phone,3,16.0,E wallet,Female,2.0,4,Laptop & Accessory,4,Married,2,1,14.0,0.0,1.0,7.0,183,1,2026-03-12
50220,0,8.0,Mobile Phone,1,11.0,COD,Male,3.0,3,Fashion,4,Single,1,0,13.0,0.0,1.0,13.0,181,1,2026-03-12
50221,0,0.0,Phone,1,32.0,Debit Card,Male,,3,Mobile,2,Married,2,0,12.0,1.0,1.0,2.0,129,1,2026-03-12
50222,0,14.0,Mobile Phone,1,12.0,Credit Card,Male,3.0,4,Laptop & Accessory,4,Single,7,1,15.0,1.0,1.0,2.0,160,1,2026-03-12
50223,0,20.0,Computer,3,10.0,CC,Male,,3,Laptop & Accessory,3,Single,4,0,19.0,0.0,1.0,0.0,130,1,2026-03-12
50224,0,15.0,Mobile Phone,1,29.0,Debit Card,Female,2.0,3,Grocery,2,Single,3,0,14.0,0.0,,0.0,260,1,2026-03-12
50225,0,2.0,Computer,3,8.0,Debit Card,Male,3.0,3,Laptop & Accessory,3,Divorced,2,0,14.0,1.0,1.0,2.0,146,1,2026-03-12
50226,0,15.0,Phone,2,8.0,COD,Male,,3,Mobile,3,Married,1,1,11.0,1.0,1.0,0.0,127,1,2026-03-12
50227,0,5.0,Phone,1,,CC,Female,3.0,3,Mobile,4,Divorced,2,0,13.0,0.0,1.0,7.0,124,1,2026-03-12
50228,0,21.0,Mobile Phone,3,35.0,Credit Card,Female,3.0,3,Fashion,3,Divorced,4,0,21.0,0.0,1.0,,225,1,2026-03-12
50229,0,10.0,Mobile Phone,1,12.0,Credit Card,Male,2.0,2,Laptop & Accessory,5,Married,5,1,13.0,2.0,6.0,7.0,160,1,2026-03-12
50230,0,3.0,Computer,3,31.0,COD,Female,2.0,3,Laptop & Accessory,3,Divorced,8,1,12.0,1.0,2.0,2.0,147,1,2026-03-12
50231,0,0.0,Mobile Phone,3,6.0,Debit Card,Male,2.0,3,Laptop & Accessory,3,Divorced,2,0,17.0,2.0,7.0,7.0,153,1,2026-03-12
50232,0,15.0,Mobile Phone,1,8.0,UPI,Male,3.0,4,Laptop & Accessory,2,Single,4,0,23.0,0.0,1.0,0.0,168,1,2026-03-12
50233,1,,Computer,3,6.0,Cash on Delivery,Female,2.0,4,Mobile,4,Single,2,1,11.0,1.0,1.0,2.0,122,1,2026-03-12
50234,0,9.0,Computer,3,6.0,Credit Card,Female,2.0,3,Laptop & Accessory,2,Single,5,0,15.0,1.0,1.0,0.0,167,1,2026-03-12
50235,0,9.0,Computer,3,9.0,Credit Card,Male,2.0,4,Fashion,2,Divorced,5,0,11.0,0.0,1.0,12.0,197,1,2026-03-12
50236,0,30.0,Mobile Phone,1,6.0,Credit Card,Male,2.0,3,Laptop & Accessory,3,Divorced,3,0,11.0,1.0,1.0,2.0,168,1,2026-03-12
50237,0,,Phone,1,16.0,Debit Card,Female,2.0,2,Mobile,3,Divorced,4,1,13.0,0.0,1.0,7.0,122,1,2026-03-12
50238,0,0.0,Computer,3,,CC,Male,2.0,3,Mobile,2,Single,2,0,24.0,0.0,2.0,2.0,126,1,2026-03-12
50239,1,0.0,Phone,3,11.0,E wallet,Female,,3,Mobile,3,Single,2,1,13.0,1.0,1.0,0.0,129,1,2026-03-12
50240,0,10.0,Phone,1,16.0,CC,Female,3.0,3,Mobile,5,Divorced,7,0,20.0,1.0,1.0,3.0,135,1,2026-03-12
50241,0,19.0,Computer,1,13.0,Credit Card,Female,1.0,3,Laptop & Accessory,3,Divorced,3,0,14.0,0.0,1.0,0.0,153,1,2026-03-12
50242,1,4.0,Computer,3,10.0,E wallet,Male,2.0,3,Laptop & Accessory,4,Single,2,0,18.0,7.0,7.0,7.0,194,1,2026-03-12
50243,0,23.0,Mobile Phone,1,16.0,Cash on Delivery,Male,3.0,4,Fashion,2,Single,7,0,15.0,0.0,1.0,3.0,205,1,2026-03-12
50244,1,3.0,Mobile Phone,3,28.0,E wallet,Male,3.0,4,Laptop & Accessory,3,Divorced,3,1,12.0,1.0,1.0,0.0,164,1,2026-03-12
50245,0,4.0,Phone,1,,Debit Card,Male,2.0,4,Mobile,4,Single,1,1,16.0,1.0,2.0,2.0,127,1,2026-03-12
50246,1,0.0,Phone,3,18.0,Debit Card,Female,,2,Mobile,4,Single,2,0,15.0,0.0,1.0,0.0,127,1,2026-03-12
50247,0,,Phone,1,29.0,Debit Card,Male,2.0,3,Mobile,2,Single,10,0,16.0,1.0,1.0,2.0,122,1,2026-03-12
50248,0,8.0,Mobile Phone,1,15.0,Debit Card,Male,3.0,4,Laptop & Accessory,4,Single,10,0,19.0,1.0,1.0,0.0,165,1,2026-03-12
50249,0,0.0,Phone,1,6.0,Credit Card,Male,2.0,3,Mobile Phone,4,Married,2,0,11.0,0.0,1.0,4.0,138,1,2026-03-12
50250,0,1.0,Mobile Phone,3,15.0,Debit Card,Male,3.0,3,Laptop & Accessory,2,Single,2,0,16.0,1.0,1.0,7.0,153,1,2026-03-12
50251,0,22.0,Phone,1,13.0,UPI,Male,2.0,4,Fashion,3,Single,9,0,24.0,1.0,1.0,0.0,145,1,2026-03-12
50252,0,24.0,Phone,3,20.0,Debit Card,Female,2.0,3,Laptop & Accessory,2,Divorced,5,0,11.0,0.0,1.0,7.0,149,1,2026-03-12
50253,0,9.0,Phone,1,,Debit Card,Female,3.0,3,Mobile,3,Divorced,5,0,13.0,1.0,2.0,2.0,125,1,2026-03-12
50254,1,0.0,Computer,3,25.0,E wallet,Male,3.0,2,Laptop & Accessory,2,Single,9,1,13.0,1.0,1.0,4.0,153,1,2026-03-12
50255,0,28.0,Mobile Phone,1,8.0,Debit Card,Female,3.0,3,Grocery,2,Single,3,1,13.0,,1.0,2.0,267,1,2026-03-12
50256,0,0.0,Phone,3,16.0,E wallet,Female,3.0,3,Laptop & Accessory,3,Married,2,1,12.0,0.0,1.0,3.0,143,1,2026-03-12
50257,0,3.0,Phone,3,,COD,Male,3.0,3,Mobile,4,Divorced,2,0,18.0,1.0,1.0,0.0,125,1,2026-03-12
50258,1,0.0,Computer,1,9.0,COD,Male,,3,Mobile,5,Single,1,0,22.0,0.0,1.0,4.0,131,1,2026-03-12
50259,0,,Phone,1,17.0,CC,Female,2.0,3,Mobile,4,Divorced,2,0,13.0,1.0,1.0,2.0,122,1,2026-03-12
50260,0,9.0,Mobile Phone,3,8.0,Credit Card,Male,3.0,4,Fashion,3,Divorced,2,0,13.0,9.0,9.0,0.0,176,1,2026-03-12
50261,1,,Computer,1,10.0,COD,Male,2.0,3,Mobile,2,Single,19,1,23.0,1.0,1.0,0.0,123,1,2026-03-12
50262,0,10.0,Phone,1,20.0,Debit Card,Female,,3,Mobile,5,Married,2,0,12.0,3.0,12.0,17.0,130,1,2026-03-12
50263,0,13.0,Mobile Phone,3,8.0,E wallet,Female,2.0,3,Laptop & Accessory,4,Married,8,0,12.0,0.0,1.0,3.0,157,1,2026-03-12
50264,0,15.0,Phone,1,,Debit Card,Female,3.0,3,Mobile,5,Married,4,0,16.0,1.0,1.0,2.0,126,1,2026-03-12
50265,0,10.0,Phone,1,16.0,Debit Card,Male,2.0,3,Laptop & Accessory,4,Single,3,1,12.0,0.0,1.0,1.0,142,1,2026-03-12
50266,0,16.0,Mobile Phone,1,18.0,Debit Card,Male,2.0,4,Grocery,4,Married,2,0,11.0,0.0,,9.0,243,1,2026-03-12
50267,0,13.0,Phone,1,8.0,CC,Female,3.0,4,Laptop & Accessory,3,Divorced,7,0,22.0,1.0,1.0,0.0,134,1,2026-03-12
50268,0,27.0,Mobile Phone,1,11.0,Credit Card,Male,2.0,3,Others,5,Divorced,5,0,,1.0,1.0,2.0,294,1,2026-03-12
50269,0,7.0,Computer,3,10.0,E wallet,Female,3.0,3,Laptop & Accessory,3,Divorced,10,0,15.0,1.0,1.0,2.0,165,1,2026-03-12
50270,0,4.0,Phone,1,13.0,Credit Card,Female,2.0,3,Laptop & Accessory,5,Divorced,2,0,12.0,3.0,3.0,12.0,143,1,2026-03-12
50271,0,,Computer,1,27.0,CC,Male,3.0,3,Mobile,2,Divorced,8,0,20.0,0.0,1.0,2.0,123,1,2026-03-12
50272,0,16.0,Phone,1,14.0,UPI,Female,3.0,3,Laptop & Accessory,3,Married,5,1,14.0,0.0,1.0,2.0,145,1,2026-03-12
50273,0,0.0,Phone,3,10.0,Debit Card,Female,2.0,4,Laptop & Accessory,2,Single,2,1,11.0,0.0,1.0,3.0,145,1,2026-03-12
50274,0,10.0,Computer,1,31.0,Credit Card,Female,3.0,3,Laptop & Accessory,3,Divorced,4,1,15.0,3.0,10.0,7.0,144,1,2026-03-12
50275,0,,Phone,1,6.0,Debit Card,Male,3.0,4,Mobile,5,Divorced,2,0,12.0,0.0,3.0,2.0,122,1,2026-03-12
50276,0,12.0,Computer,1,6.0,Debit Card,Male,2.0,3,Others,3,Married,2,1,14.0,0.0,1.0,6.0,292,1,2026-03-12
50277,0,29.0,Computer,3,12.0,Debit Card,Female,2.0,2,Grocery,5,Divorced,10,0,11.0,2.0,,7.0,232,1,2026-03-12
50278,0,3.0,Mobile Phone,3,18.0,COD,Female,2.0,3,Laptop & Accessory,3,Single,1,0,11.0,3.0,4.0,4.0,166,1,2026-03-12
50279,0,14.0,Mobile Phone,3,6.0,E wallet,Male,2.0,2,Fashion,5,Divorced,2,0,16.0,1.0,1.0,7.0,184,1,2026-03-12
50280,0,1.0,Phone,1,23.0,Credit Card,Male,3.0,3,Laptop & Accessory,5,Married,2,0,12.0,0.0,1.0,8.0,146,1,2026-03-12
50281,1,0.0,Phone,1,9.0,Credit Card,Male,3.0,3,Mobile Phone,5,Divorced,6,0,13.0,1.0,1.0,2.0,140,1,2026-03-12
50282,0,25.0,Mobile Phone,1,9.0,Credit Card,Male,2.0,4,Fashion,3,Divorced,3,1,14.0,0.0,1.0,4.0,180,1,2026-03-12
50283,0,18.0,Phone,1,,Debit Card,Male,3.0,3,Mobile,2,Divorced,4,0,21.0,1.0,1.0,2.0,127,1,2026-03-12
50284,0,25.0,Mobile Phone,1,10.0,Debit Card,Female,1.0,3,Grocery,2,Divorced,3,0,13.0,,1.0,4.0,266,1,2026-03-12
50285,0,15.0,Computer,1,35.0,Debit Card,Female,3.0,3,Laptop & Accessory,3,Married,3,0,11.0,1.0,1.0,2.0,146,1,2026-03-12
50286,0,3.0,Mobile Phone,1,8.0,Debit Card,Female,2.0,5,Laptop & Accessory,2,Single,3,0,20.0,0.0,1.0,2.0,161,1,2026-03-12
50287,0,30.0,Mobile Phone,1,13.0,Debit Card,Female,2.0,3,Others,5,Divorced,6,0,,0.0,11.0,10.0,296,1,2026-03-12
50288,0,19.0,Phone,1,24.0,Credit Card,Female,2.0,3,Laptop & Accessory,3,Married,3,0,14.0,0.0,1.0,8.0,148,1,2026-03-12
50289,0,15.0,Computer,1,34.0,COD,Female,2.0,4,Laptop & Accessory,2,Divorced,1,0,11.0,0.0,1.0,4.0,145,1,2026-03-12
50290,1,0.0,Phone,3,6.0,COD,Female,3.0,3,Mobile,4,Single,2,1,16.0,1.0,1.0,4.0,132,1,2026-03-12
50291,1,0.0,Computer,3,,E wallet,Female,2.0,5,Mobile,3,Married,1,0,16.0,1.0,1.0,0.0,124,1,2026-03-12
50292,0,,Computer,1,8.0,Debit Card,Male,2.0,3,Mobile Phone,2,Divorced,2,1,23.0,1.0,1.0,0.0,117,1,2026-03-12
50293,0,13.0,Mobile Phone,3,8.0,Debit Card,Female,3.0,3,Others,3,Divorced,1,0,14.0,,1.0,12.0,280,1,2026-03-12
50294,0,0.0,Phone,1,29.0,Debit Card,Female,,3,Mobile,2,Married,2,0,22.0,1.0,1.0,2.0,129,1,2026-03-12
50295,0,,Computer,1,9.0,Debit Card,Male,2.0,3,Mobile,2,Divorced,5,0,15.0,0.0,1.0,4.0,121,1,2026-03-12
50296,0,2.0,Mobile Phone,1,9.0,Credit Card,Male,3.0,4,Fashion,3,Divorced,2,0,18.0,1.0,1.0,,219,1,2026-03-12
50297,1,0.0,Phone,1,,COD,Female,3.0,4,Mobile,4,Divorced,6,0,16.0,0.0,1.0,1.0,125,1,2026-03-12
50298,1,0.0,Phone,2,,COD,Male,2.0,4,Mobile,2,Single,2,0,12.0,1.0,1.0,0.0,126,1,2026-03-12
50299,0,3.0,Computer,3,28.0,UPI,Female,3.0,3,Fashion,5,Divorced,1,0,11.0,2.0,7.0,8.0,184,1,2026-03-12
50300,0,30.0,Mobile Phone,3,35.0,E wallet,Male,2.0,4,Grocery,2,Married,4,0,12.0,0.0,,0.0,241,1,2026-03-12
50301,0,23.0,Mobile Phone,1,35.0,Debit Card,Male,2.0,4,Grocery,3,Divorced,1,0,15.0,,15.0,7.0,270,1,2026-03-12
50302,0,3.0,Computer,1,,CC,Female,2.0,3,Mobile,2,Single,1,0,14.0,5.0,6.0,7.0,126,1,2026-03-12
50303,0,30.0,Computer,3,34.0,E wallet,Female,3.0,4,Fashion,5,Divorced,5,0,19.0,13.0,13.0,11.0,203,1,2026-03-12
50304,0,20.0,Mobile Phone,1,8.0,Credit Card,Female,3.0,3,Laptop & Accessory,2,Married,6,0,13.0,0.0,1.0,4.0,151,1,2026-03-12
50305,0,19.0,Mobile Phone,1,8.0,Debit Card,Male,2.0,3,Grocery,3,Divorced,7,0,13.0,,1.0,1.0,279,1,2026-03-12
50306,0,8.0,Phone,1,28.0,Debit Card,Male,2.0,5,Mobile Phone,3,Single,1,0,15.0,2.0,4.0,3.0,142,1,2026-03-12
50307,0,27.0,Phone,1,14.0,Debit Card,Female,2.0,3,Laptop & Accessory,3,Single,8,0,11.0,1.0,1.0,0.0,138,1,2026-03-12
50308,0,7.0,Phone,1,8.0,Debit Card,Male,,4,Mobile,3,Married,4,0,12.0,5.0,5.0,7.0,128,1,2026-03-12
50309,0,19.0,Mobile Phone,3,16.0,E wallet,Female,3.0,4,Fashion,2,Divorced,3,1,19.0,1.0,1.0,2.0,191,1,2026-03-12
50310,0,4.0,Mobile Phone,1,15.0,Debit Card,Male,2.0,3,Fashion,4,Married,2,0,25.0,1.0,1.0,8.0,206,1,2026-03-12
50311,1,0.0,Mobile Phone,1,21.0,Credit Card,Male,2.0,3,Fashion,3,Divorced,8,1,12.0,0.0,,7.0,236,1,2026-03-12
50312,1,0.0,Phone,1,16.0,CC,Male,2.0,5,Mobile,2,Married,8,0,13.0,0.0,1.0,3.0,134,1,2026-03-12
50313,0,3.0,Phone,3,13.0,E wallet,Male,,3,Mobile,4,Single,1,0,14.0,1.0,1.0,2.0,130,1,2026-03-12
50314,0,8.0,Mobile Phone,1,22.0,Debit Card,Male,3.0,3,Fashion,3,Divorced,5,1,12.0,0.0,1.0,0.0,176,1,2026-03-12
50315,1,0.0,Computer,1,26.0,Debit Card,Male,3.0,3,Fashion,3,Divorced,4,0,12.0,1.0,1.0,0.0,198,1,2026-03-12
50316,1,0.0,Computer,2,29.0,UPI,Female,2.0,3,Fashion,5,Married,10,1,15.0,1.0,1.0,2.0,200,1,2026-03-12
50317,0,,Computer,1,11.0,UPI,Male,3.0,3,Mobile,3,Divorced,5,0,17.0,2.0,2.0,0.0,121,1,2026-03-12
50318,0,9.0,Computer,3,16.0,Credit Card,Male,2.0,3,Fashion,2,Single,2,0,14.0,1.0,9.0,7.0,200,1,2026-03-12
50319,1,0.0,Computer,1,10.0,COD,Male,2.0,4,Mobile Phone,3,Single,6,0,16.0,1.0,1.0,2.0,139,1,2026-03-12
50320,0,21.0,Phone,3,8.0,E wallet,Female,2.0,3,Laptop & Accessory,2,Divorced,3,0,14.0,4.0,6.0,7.0,141,1,2026-03-12
50321,0,28.0,Mobile Phone,3,24.0,Debit Card,Female,2.0,3,Grocery,4,Single,4,0,23.0,,7.0,7.0,268,1,2026-03-12
50322,0,14.0,Computer,3,16.0,Debit Card,Male,2.0,3,Laptop & Accessory,2,Single,8,0,14.0,0.0,1.0,10.0,162,1,2026-03-12
50323,0,8.0,Phone,3,6.0,E wallet,Male,2.0,3,Laptop & Accessory,3,Divorced,10,0,11.0,3.0,6.0,9.0,147,1,2026-03-12
50324,0,13.0,Mobile Phone,1,12.0,Debit Card,Female,3.0,3,Grocery,3,Single,8,0,15.0,4.0,,13.0,232,1,2026-03-12
50325,0,12.0,Computer,1,14.0,Debit Card,Female,2.0,3,Mobile Phone,3,Divorced,2,0,11.0,0.0,1.0,7.0,138,1,2026-03-12
50326,0,4.0,Mobile Phone,3,8.0,Debit Card,Male,3.0,3,Laptop & Accessory,2,Single,5,1,13.0,1.0,1.0,5.0,166,1,2026-03-12
50327,0,15.0,Mobile Phone,1,30.0,Credit Card,Male,2.0,3,Fashion,5,Divorced,2,1,21.0,4.0,5.0,8.0,174,1,2026-03-12
50328,0,18.0,Phone,3,8.0,UPI,Male,3.0,3,Laptop & Accessory,4,Divorced,1,0,19.0,3.0,3.0,7.0,148,1,2026-03-12
50329,1,0.0,Computer,2,23.0,Debit Card,Female,,3,Mobile,3,Married,1,1,11.0,0.0,1.0,0.0,127,1,2026-03-12
50330,0,2.0,Phone,1,25.0,COD,Male,2.0,3,Laptop & Accessory,2,Married,5,0,12.0,0.0,1.0,2.0,143,1,2026-03-12
50331,0,6.0,Mobile Phone,1,6.0,Credit Card,Female,3.0,2,Grocery,3,Married,5,0,19.0,,1.0,5.0,262,1,2026-03-12
50332,0,0.0,Mobile Phone,3,13.0,Debit Card,Male,2.0,4,Fashion,2,Married,10,0,21.0,1.0,1.0,,216,1,2026-03-12
50333,1,,Computer,3,11.0,E wallet,Male,3.0,3,Mobile Phone,4,Single,2,1,14.0,1.0,1.0,0.0,119,1,2026-03-12
50334,0,13.0,Computer,3,34.0,UPI,Male,2.0,5,Fashion,5,Married,4,0,15.0,1.0,1.0,,209,1,2026-03-12
50335,0,14.0,Computer,1,8.0,UPI,Female,3.0,4,Laptop & Accessory,3,Single,3,1,17.0,0.0,1.0,7.0,168,1,2026-03-12
50336,0,0.0,Phone,3,35.0,Credit Card,Male,2.0,3,Laptop & Accessory,3,Married,6,0,12.0,1.0,1.0,0.0,143,1,2026-03-12
50337,0,8.0,Phone,3,6.0,Credit Card,Female,3.0,3,Laptop & Accessory,3,Single,2,0,16.0,0.0,1.0,3.0,149,1,2026-03-12
50338,0,7.0,Mobile Phone,3,27.0,Debit Card,Male,3.0,2,Laptop & Accessory,2,Single,2,0,12.0,5.0,5.0,7.0,153,1,2026-03-12
50339,1,0.0,Phone,1,,COD,Male,3.0,5,Mobile,2,Single,2,1,18.0,1.0,1.0,0.0,123,1,2026-03-12
50340,0,10.0,Mobile Phone,1,6.0,COD,Female,2.0,3,Fashion,2,Single,5,0,17.0,1.0,1.0,2.0,175,1,2026-03-12
50341,0,19.0,Computer,1,24.0,Credit Card,Female,2.0,3,Fashion,3,Divorced,6,0,11.0,1.0,1.0,2.0,205,1,2026-03-12
50342,0,14.0,Mobile Phone,3,8.0,Debit Card,Female,3.0,3,Grocery,5,Divorced,8,0,16.0,,11.0,8.0,266,1,2026-03-12
50343,0,10.0,Computer,3,15.0,Credit Card,Male,3.0,3,Fashion,4,Married,2,0,13.0,6.0,7.0,7.0,188,1,2026-03-12
50344,0,25.0,Mobile Phone,1,12.0,COD,Male,3.0,3,Laptop & Accessory,5,Married,4,1,12.0,2.0,6.0,9.0,156,1,2026-03-12
50345,1,0.0,Computer,3,17.0,UPI,Male,2.0,2,Laptop & Accessory,3,Divorced,9,0,12.0,1.0,1.0,2.0,147,1,2026-03-12
50346,0,0.0,Computer,3,,CC,Male,2.0,3,Mobile,2,Divorced,1,0,13.0,0.0,2.0,1.0,124,1,2026-03-12
50347,0,11.0,Mobile Phone,1,16.0,Credit Card,Female,3.0,3,Laptop & Accessory,3,Divorced,4,0,19.0,1.0,1.0,0.0,198,1,2026-03-12
50348,0,10.0,Mobile Phone,1,6.0,Debit Card,Female,3.0,3,Laptop & Accessory,4,Divorced,7,0,12.0,3.0,4.0,3.0,164,1,2026-03-12
50349,0,22.0,Mobile Phone,1,24.0,Debit Card,Male,2.0,4,Others,3,Married,2,1,,0.0,1.0,9.0,295,1,2026-03-12
50350,0,0.0,Phone,1,29.0,CC,Male,,2,Mobile,2,Divorced,2,1,11.0,0.0,1.0,4.0,127,1,2026-03-12
50351,0,0.0,Mobile Phone,3,34.0,E wallet,Male,3.0,3,Laptop & Accessory,4,Divorced,2,0,20.0,1.0,1.0,4.0,163,1,2026-03-12
50352,0,,Phone,1,23.0,UPI,Male,3.0,4,Mobile,4,Divorced,2,0,21.0,1.0,1.0,0.0,121,1,2026-03-12
50353,0,23.0,Computer,2,9.0,Credit Card,Male,2.0,3,Others,4,Divorced,2,0,11.0,,10.0,7.0,282,1,2026-03-12
50354,0,,Phone,3,19.0,CC,Male,2.0,3,Mobile,3,Divorced,2,0,11.0,1.0,1.0,6.0,121,1,2026-03-12
50355,1,0.0,Computer,1,13.0,Debit Card,Female,,3,Mobile,3,Divorced,2,1,16.0,0.0,1.0,2.0,129,1,2026-03-12
50356,1,,Computer,3,18.0,Debit Card,Male,3.0,4,Mobile,5,Divorced,2,0,18.0,1.0,1.0,0.0,120,1,2026-03-12
50357,0,7.0,Phone,1,6.0,Debit Card,Male,2.0,4,Mobile Phone,2,Divorced,2,1,13.0,0.0,1.0,3.0,136,1,2026-03-12
50358,1,0.0,Phone,3,19.0,Credit Card,Male,2.0,3,Laptop & Accessory,5,Married,3,0,17.0,0.0,1.0,2.0,142,1,2026-03-12
50359,0,8.0,Phone,1,31.0,UPI,Male,2.0,4,Laptop & Accessory,2,Single,5,0,14.0,0.0,1.0,2.0,137,1,2026-03-12
50360,0,4.0,Mobile Phone,3,12.0,Credit Card,Male,3.0,2,Laptop & Accessory,2,Married,5,0,22.0,3.0,5.0,7.0,155,1,2026-03-12
50361,0,,Phone,1,12.0,CC,Female,3.0,4,Mobile,3,Married,1,0,12.0,1.0,1.0,3.0,122,1,2026-03-12
50362,0,10.0,Mobile Phone,3,8.0,E wallet,Male,3.0,3,Laptop & Accessory,3,Divorced,5,1,11.0,0.0,1.0,0.0,196,1,2026-03-12
50363,0,0.0,Phone,1,6.0,Debit Card,Female,,4,Mobile,4,Single,2,0,13.0,1.0,1.0,0.0,128,1,2026-03-12
50364,0,15.0,Phone,1,8.0,Debit Card,Female,2.0,3,Laptop & Accessory,2,Divorced,2,0,13.0,2.0,2.0,2.0,141,1,2026-03-12
50365,0,16.0,Mobile Phone,1,12.0,UPI,Male,2.0,4,Grocery,2,Married,5,1,14.0,,1.0,0.0,266,1,2026-03-12
50366,0,11.0,Phone,1,,Debit Card,Female,2.0,3,Mobile,5,Single,4,0,17.0,1.0,1.0,0.0,126,1,2026-03-12
50367,0,16.0,Computer,1,15.0,Credit Card,Male,3.0,3,Laptop & Accessory,3,Married,4,1,13.0,2.0,4.0,7.0,157,1,2026-03-12
50368,0,21.0,Mobile Phone,1,6.0,Debit Card,Female,2.0,4,Grocery,5,Divorced,8,0,11.0,0.0,,2.0,254,1,2026-03-12
50369,0,17.0,Mobile Phone,2,6.0,Debit Card,Female,2.0,4,Laptop & Accessory,3,Single,5,0,11.0,1.0,1.0,2.0,160,1,2026-03-12
50370,0,7.0,Phone,3,,COD,Female,2.0,3,Mobile,3,Married,2,1,18.0,1.0,1.0,6.0,126,1,2026-03-12
50371,1,0.0,Phone,3,8.0,E wallet,Male,,3,Mobile,5,Married,1,0,11.0,0.0,1.0,2.0,130,1,2026-03-12
50372,0,0.0,Phone,3,28.0,COD,Male,2.0,3,Mobile,3,Single,2,0,11.0,1.0,1.0,2.0,134,1,2026-03-12
50373,0,17.0,Mobile Phone,1,9.0,UPI,Male,2.0,3,Others,2,Divorced,5,1,,1.0,1.0,1.0,295,1,2026-03-12
50374,0,0.0,Phone,1,12.0,CC,Male,,3,Mobile,3,Divorced,1,0,20.0,2.0,2.0,2.0,128,1,2026-03-12
50375,0,6.0,Mobile Phone,3,14.0,E wallet,Male,2.0,3,Laptop & Accessory,3,Married,1,0,12.0,1.0,1.0,2.0,171,1,2026-03-12
50376,0,5.0,Mobile Phone,1,15.0,Debit Card,Female,3.0,3,Laptop & Accessory,2,Divorced,2,1,12.0,1.0,1.0,5.0,163,1,2026-03-12
50377,0,,Computer,1,9.0,CC,Female,3.0,3,Mobile,3,Married,2,0,20.0,1.0,1.0,0.0,121,1,2026-03-12
50378,0,26.0,Mobile Phone,3,6.0,Credit Card,Female,2.0,3,Laptop & Accessory,5,Single,8,0,20.0,6.0,8.0,10.0,184,1,2026-03-12
50379,0,7.0,Phone,1,6.0,Debit Card,Male,,3,Mobile,2,Divorced,2,0,12.0,6.0,8.0,8.0,127,1,2026-03-12
50380,1,8.0,Computer,3,32.0,Debit Card,Female,3.0,3,Laptop & Accessory,5,Divorced,3,0,14.0,0.0,1.0,0.0,143,1,2026-03-12
50381,0,0.0,Phone,1,12.0,Debit Card,Female,3.0,3,Mobile,2,Divorced,2,1,13.0,0.0,1.0,2.0,127,1,2026-03-12
50382,0,10.0,Mobile Phone,1,9.0,UPI,Male,2.0,3,Fashion,3,Divorced,2,0,15.0,6.0,7.0,8.0,194,1,2026-03-12
50383,0,2.0,Mobile Phone,3,9.0,Credit Card,Female,3.0,3,Laptop & Accessory,3,Divorced,2,0,14.0,0.0,1.0,2.0,156,1,2026-03-12
50384,0,8.0,Mobile Phone,1,12.0,Debit Card,Male,2.0,5,Laptop & Accessory,2,Single,2,0,13.0,11.0,11.0,8.0,166,1,2026-03-12
50385,0,6.0,Computer,1,12.0,Debit Card,Male,1.0,3,Laptop & Accessory,2,Married,4,0,23.0,4.0,4.0,7.0,177,1,2026-03-12
50386,0,27.0,Mobile Phone,2,25.0,Credit Card,Male,2.0,3,Fashion,4,Divorced,3,0,15.0,3.0,7.0,1.0,207,1,2026-03-12
50387,0,9.0,Mobile Phone,1,15.0,Credit Card,Male,2.0,4,Laptop & Accessory,4,Married,3,1,11.0,1.0,1.0,2.0,188,1,2026-03-12
50388,0,,Phone,1,9.0,CC,Male,2.0,4,Mobile,2,Single,1,0,13.0,0.0,1.0,1.0,120,1,2026-03-12
50389,1,0.0,Mobile Phone,1,16.0,Credit Card,Male,2.0,3,Mobile Phone,3,Single,2,1,11.0,0.0,1.0,1.0,110,1,2026-03-12
50390,1,0.0,Computer,1,9.0,Debit Card,Male,3.0,3,Mobile,5,Single,2,1,11.0,9.0,9.0,7.0,133,1,2026-03-12
50391,0,,Computer,1,9.0,Debit Card,Male,2.0,4,Mobile Phone,3,Divorced,2,0,18.0,1.0,1.0,0.0,113,1,2026-03-12
50392,0,0.0,Phone,1,10.0,CC,Male,,2,Mobile,5,Divorced,3,0,16.0,0.0,1.0,2.0,128,1,2026-03-12
50393,0,0.0,Phone,3,14.0,Debit Card,Male,2.0,2,Laptop & Accessory,4,Divorced,1,0,22.0,0.0,1.0,2.0,149,1,2026-03-12
50394,0,11.0,Phone,3,13.0,E wallet,Female,2.0,4,Laptop & Accessory,2,Single,1,0,20.0,1.0,1.0,5.0,140,1,2026-03-12
50395,0,2.0,Computer,1,6.0,Debit Card,Male,,5,Mobile,2,Married,2,0,18.0,2.0,2.0,8.0,127,1,2026-03-12
50396,0,21.0,Mobile Phone,3,8.0,E wallet,Male,2.0,2,Laptop & Accessory,4,Divorced,4,0,12.0,2.0,2.0,2.0,181,1,2026-03-12
50397,0,0.0,Computer,3,9.0,Credit Card,Female,3.0,2,Laptop & Accessory,2,Married,2,1,20.0,1.0,1.0,4.0,146,1,2026-03-12
50398,0,10.0,Phone,1,16.0,Debit Card,Male,3.0,2,Mobile Phone,2,Single,4,0,17.0,1.0,1.0,0.0,147,1,2026-03-12
50399,0,23.0,Phone,1,34.0,CC,Male,3.0,2,Mobile,3,Divorced,2,1,11.0,3.0,3.0,8.0,132,1,2026-03-12
50400,0,7.0,Mobile Phone,1,15.0,Credit Card,Female,2.0,4,Fashion,4,Single,2,0,14.0,4.0,7.0,7.0,186,1,2026-03-12
